-- MySQL dump 10.13  Distrib 8.0.42, for Linux (x86_64)
--
-- Host: localhost    Database: feria_valencia
-- ------------------------------------------------------
-- Server version	8.0.42-0ubuntu0.24.04.1

/*!40101 SET @OLD_CHARACTER_SET_CLIENT=@@CHARACTER_SET_CLIENT */;
/*!40101 SET @OLD_CHARACTER_SET_RESULTS=@@CHARACTER_SET_RESULTS */;
/*!40101 SET @OLD_COLLATION_CONNECTION=@@COLLATION_CONNECTION */;
/*!50503 SET NAMES utf8mb4 */;
/*!40103 SET @OLD_TIME_ZONE=@@TIME_ZONE */;
/*!40103 SET TIME_ZONE='+00:00' */;
/*!40014 SET @OLD_UNIQUE_CHECKS=@@UNIQUE_CHECKS, UNIQUE_CHECKS=0 */;
/*!40014 SET @OLD_FOREIGN_KEY_CHECKS=@@FOREIGN_KEY_CHECKS, FOREIGN_KEY_CHECKS=0 */;
/*!40101 SET @OLD_SQL_MODE=@@SQL_MODE, SQL_MODE='NO_AUTO_VALUE_ON_ZERO' */;
/*!40111 SET @OLD_SQL_NOTES=@@SQL_NOTES, SQL_NOTES=0 */;

--
-- Table structure for table `historial_envios`
--

DROP TABLE IF EXISTS `historial_envios`;
/*!40101 SET @saved_cs_client     = @@character_set_client */;
/*!50503 SET character_set_client = utf8mb4 */;
CREATE TABLE `historial_envios` (
  `id` int NOT NULL AUTO_INCREMENT,
  `suscriptor_id` int DEFAULT NULL,
  `newsletter_id` int DEFAULT NULL,
  `fecha_envio` datetime DEFAULT NULL,
  `asunto` varchar(150) DEFAULT NULL,
  `estado_envio` enum('enviado','fallido') DEFAULT 'enviado',
  PRIMARY KEY (`id`),
  KEY `suscriptor_id` (`suscriptor_id`),
  KEY `newsletter_id` (`newsletter_id`),
  CONSTRAINT `historial_envios_ibfk_1` FOREIGN KEY (`suscriptor_id`) REFERENCES `suscriptores` (`id`),
  CONSTRAINT `historial_envios_ibfk_2` FOREIGN KEY (`newsletter_id`) REFERENCES `newsletters` (`id`)
) ENGINE=InnoDB AUTO_INCREMENT=227 DEFAULT CHARSET=utf8mb4 COLLATE=utf8mb4_0900_ai_ci;
/*!40101 SET character_set_client = @saved_cs_client */;

--
-- Dumping data for table `historial_envios`
--

LOCK TABLES `historial_envios` WRITE;
/*!40000 ALTER TABLE `historial_envios` DISABLE KEYS */;
INSERT INTO `historial_envios` VALUES (16,4,1,'2025-05-26 16:10:55','¡Participa en el sorteo del GP de Motociclismo | Feria Valencia!','enviado'),(17,5,1,'2025-05-26 16:10:57','¡Participa en el sorteo del GP de Motociclismo | Feria Valencia!','enviado'),(18,6,1,'2025-05-26 16:11:00','¡Participa en el sorteo del GP de Motociclismo | Feria Valencia!','enviado'),(22,4,1,'2025-05-26 16:32:31','¡Participa en el sorteo del GP de Motociclismo | Feria Valencia!','enviado'),(23,5,1,'2025-05-26 16:32:34','¡Participa en el sorteo del GP de Motociclismo | Feria Valencia!','enviado'),(24,6,1,'2025-05-26 16:32:36','¡Participa en el sorteo del GP de Motociclismo | Feria Valencia!','enviado'),(31,4,1,'2025-05-26 17:27:58','¡Participa en el sorteo del GP de Motociclismo | Feria Valencia!','enviado'),(32,5,1,'2025-05-26 17:28:01','¡Participa en el sorteo del GP de Motociclismo | Feria Valencia!','enviado'),(33,6,1,'2025-05-26 17:28:03','¡Participa en el sorteo del GP de Motociclismo | Feria Valencia!','enviado'),(40,4,1,'2025-05-27 15:13:58','¡Participa en el sorteo del GP de Motociclismo | Feria Valencia!','enviado'),(41,5,1,'2025-05-27 15:14:01','¡Participa en el sorteo del GP de Motociclismo | Feria Valencia!','enviado'),(42,6,1,'2025-05-27 15:14:03','¡Participa en el sorteo del GP de Motociclismo | Feria Valencia!','enviado'),(46,16,1,'2025-05-27 15:14:11','¡Participa en el sorteo del GP de Motociclismo | Feria Valencia!','enviado'),(50,4,1,'2025-05-27 15:55:14','¡Participa en el sorteo del GP de Motociclismo | Feria Valencia!','enviado'),(51,5,1,'2025-05-27 15:55:16','¡Participa en el sorteo del GP de Motociclismo | Feria Valencia!','enviado'),(52,6,1,'2025-05-27 15:55:19','¡Participa en el sorteo del GP de Motociclismo | Feria Valencia!','enviado'),(58,4,1,'2025-05-27 15:56:20','¡Participa en el sorteo del GP de Motociclismo | Feria Valencia!','enviado'),(59,5,1,'2025-05-27 15:56:24','¡Participa en el sorteo del GP de Motociclismo | Feria Valencia!','enviado'),(60,6,1,'2025-05-27 15:56:26','¡Participa en el sorteo del GP de Motociclismo | Feria Valencia!','enviado'),(64,16,1,'2025-05-27 15:56:35','¡Participa en el sorteo del GP de Motociclismo | Feria Valencia!','enviado'),(68,4,1,'2025-05-27 16:08:34','¡Participa en el sorteo del GP de Motociclismo | Feria Valencia!','enviado'),(69,5,1,'2025-05-27 16:08:36','¡Participa en el sorteo del GP de Motociclismo | Feria Valencia!','enviado'),(70,6,1,'2025-05-27 16:08:39','¡Participa en el sorteo del GP de Motociclismo | Feria Valencia!','enviado'),(74,16,1,'2025-05-27 16:08:47','¡Participa en el sorteo del GP de Motociclismo | Feria Valencia!','enviado'),(78,4,1,'2025-05-27 16:15:20','¡Participa en el sorteo del GP de Motociclismo | Feria Valencia!','enviado'),(79,5,1,'2025-05-27 16:15:23','¡Participa en el sorteo del GP de Motociclismo | Feria Valencia!','enviado'),(80,6,1,'2025-05-27 16:15:25','¡Participa en el sorteo del GP de Motociclismo | Feria Valencia!','enviado'),(84,16,1,'2025-05-27 16:16:02','¡Participa en el sorteo del GP de Motociclismo | Feria Valencia!','enviado'),(85,33,1,'2025-05-27 16:16:04','¡Participa en el sorteo del GP de Motociclismo | Feria Valencia!','enviado'),(86,34,1,'2025-05-27 16:17:15','¡Participa en el sorteo del GP de Motociclismo | Feria Valencia!','enviado'),(87,4,1,'2025-05-27 16:33:20','¡Participa en el sorteo del GP de Motociclismo | Feria Valencia!','enviado'),(88,5,1,'2025-05-27 16:33:22','¡Participa en el sorteo del GP de Motociclismo | Feria Valencia!','enviado'),(89,6,1,'2025-05-27 16:33:25','¡Participa en el sorteo del GP de Motociclismo | Feria Valencia!','enviado'),(90,16,1,'2025-05-27 16:33:28','¡Participa en el sorteo del GP de Motociclismo | Feria Valencia!','enviado'),(91,33,1,'2025-05-27 16:33:31','¡Participa en el sorteo del GP de Motociclismo | Feria Valencia!','enviado'),(92,34,1,'2025-05-27 16:33:33','¡Participa en el sorteo del GP de Motociclismo | Feria Valencia!','enviado'),(93,4,1,'2025-05-27 16:43:29','¡Participa en el sorteo del GP de Motociclismo | Feria Valencia!','enviado'),(94,5,1,'2025-05-27 16:43:32','¡Participa en el sorteo del GP de Motociclismo | Feria Valencia!','enviado'),(95,6,1,'2025-05-27 16:43:44','¡Participa en el sorteo del GP de Motociclismo | Feria Valencia!','enviado'),(96,16,1,'2025-05-27 16:43:47','¡Participa en el sorteo del GP de Motociclismo | Feria Valencia!','enviado'),(97,33,1,'2025-05-27 16:44:03','¡Participa en el sorteo del GP de Motociclismo | Feria Valencia!','enviado'),(98,34,1,'2025-05-27 16:44:11','¡Participa en el sorteo del GP de Motociclismo | Feria Valencia!','enviado'),(99,4,1,'2025-05-27 16:45:31','¡Participa en el sorteo del GP de Motociclismo | Feria Valencia!','enviado'),(100,5,1,'2025-05-27 16:45:33','¡Participa en el sorteo del GP de Motociclismo | Feria Valencia!','enviado'),(101,6,1,'2025-05-27 16:45:35','¡Participa en el sorteo del GP de Motociclismo | Feria Valencia!','enviado'),(102,16,1,'2025-05-27 16:45:38','¡Participa en el sorteo del GP de Motociclismo | Feria Valencia!','enviado'),(103,33,1,'2025-05-27 16:45:41','¡Participa en el sorteo del GP de Motociclismo | Feria Valencia!','enviado'),(104,34,1,'2025-05-27 16:45:43','¡Participa en el sorteo del GP de Motociclismo | Feria Valencia!','enviado'),(105,4,1,'2025-05-27 16:47:12','¡Participa en el sorteo del GP de Motociclismo | Feria Valencia!','enviado'),(106,5,1,'2025-05-27 16:47:14','¡Participa en el sorteo del GP de Motociclismo | Feria Valencia!','enviado'),(107,6,1,'2025-05-27 16:47:17','¡Participa en el sorteo del GP de Motociclismo | Feria Valencia!','enviado'),(108,16,1,'2025-05-27 16:47:19','¡Participa en el sorteo del GP de Motociclismo | Feria Valencia!','enviado'),(109,33,1,'2025-05-27 16:47:21','¡Participa en el sorteo del GP de Motociclismo | Feria Valencia!','enviado'),(110,34,1,'2025-05-27 16:47:23','¡Participa en el sorteo del GP de Motociclismo | Feria Valencia!','enviado'),(111,4,1,'2025-05-27 16:52:00','¡Participa en el sorteo del GP de Motociclismo | Feria Valencia!','enviado'),(112,5,1,'2025-05-27 16:52:02','¡Participa en el sorteo del GP de Motociclismo | Feria Valencia!','enviado'),(113,6,1,'2025-05-27 16:52:05','¡Participa en el sorteo del GP de Motociclismo | Feria Valencia!','enviado'),(114,16,1,'2025-05-27 16:52:07','¡Participa en el sorteo del GP de Motociclismo | Feria Valencia!','enviado'),(115,33,1,'2025-05-27 16:52:09','¡Participa en el sorteo del GP de Motociclismo | Feria Valencia!','enviado'),(116,34,1,'2025-05-27 16:52:11','¡Participa en el sorteo del GP de Motociclismo | Feria Valencia!','enviado'),(117,4,1,'2025-05-27 17:00:16','¡Participa en el sorteo del GP de Motociclismo | Feria Valencia!','enviado'),(118,5,1,'2025-05-27 17:00:18','¡Participa en el sorteo del GP de Motociclismo | Feria Valencia!','enviado'),(119,6,1,'2025-05-27 17:00:21','¡Participa en el sorteo del GP de Motociclismo | Feria Valencia!','enviado'),(120,16,1,'2025-05-27 17:00:23','¡Participa en el sorteo del GP de Motociclismo | Feria Valencia!','enviado'),(121,33,1,'2025-05-27 17:00:25','¡Participa en el sorteo del GP de Motociclismo | Feria Valencia!','enviado'),(122,34,1,'2025-05-27 17:00:27','¡Participa en el sorteo del GP de Motociclismo | Feria Valencia!','enviado'),(123,4,1,'2025-05-27 17:07:22','¡Participa en el sorteo del GP de Motociclismo | Feria Valencia!','enviado'),(124,5,1,'2025-05-27 17:07:25','¡Participa en el sorteo del GP de Motociclismo | Feria Valencia!','enviado'),(125,6,1,'2025-05-27 17:07:27','¡Participa en el sorteo del GP de Motociclismo | Feria Valencia!','enviado'),(126,16,1,'2025-05-27 17:07:29','¡Participa en el sorteo del GP de Motociclismo | Feria Valencia!','enviado'),(127,33,1,'2025-05-27 17:07:32','¡Participa en el sorteo del GP de Motociclismo | Feria Valencia!','enviado'),(128,34,1,'2025-05-27 17:07:34','¡Participa en el sorteo del GP de Motociclismo | Feria Valencia!','enviado'),(129,4,1,'2025-05-27 17:11:40','¡Participa en el sorteo del GP de Motociclismo | Feria Valencia!','enviado'),(130,5,1,'2025-05-27 17:11:43','¡Participa en el sorteo del GP de Motociclismo | Feria Valencia!','enviado'),(131,6,1,'2025-05-27 17:11:45','¡Participa en el sorteo del GP de Motociclismo | Feria Valencia!','enviado'),(132,16,1,'2025-05-27 17:11:47','¡Participa en el sorteo del GP de Motociclismo | Feria Valencia!','enviado'),(133,33,1,'2025-05-27 17:11:49','¡Participa en el sorteo del GP de Motociclismo | Feria Valencia!','enviado'),(134,34,1,'2025-05-27 17:11:51','¡Participa en el sorteo del GP de Motociclismo | Feria Valencia!','enviado'),(135,4,1,'2025-05-27 17:14:48','¡Participa en el sorteo del GP de Motociclismo | Feria Valencia!','enviado'),(136,5,1,'2025-05-27 17:14:50','¡Participa en el sorteo del GP de Motociclismo | Feria Valencia!','enviado'),(137,6,1,'2025-05-27 17:14:52','¡Participa en el sorteo del GP de Motociclismo | Feria Valencia!','enviado'),(138,16,1,'2025-05-27 17:14:54','¡Participa en el sorteo del GP de Motociclismo | Feria Valencia!','enviado'),(139,33,1,'2025-05-27 17:14:56','¡Participa en el sorteo del GP de Motociclismo | Feria Valencia!','enviado'),(140,34,1,'2025-05-27 17:14:59','¡Participa en el sorteo del GP de Motociclismo | Feria Valencia!','enviado'),(141,4,1,'2025-05-27 17:38:23','¡Participa en el sorteo del GP de Motociclismo | Feria Valencia!','enviado'),(142,5,1,'2025-05-27 17:38:24','¡Participa en el sorteo del GP de Motociclismo | Feria Valencia!','enviado'),(143,6,1,'2025-05-27 17:38:25','¡Participa en el sorteo del GP de Motociclismo | Feria Valencia!','enviado'),(144,16,1,'2025-05-27 17:38:26','¡Participa en el sorteo del GP de Motociclismo | Feria Valencia!','enviado'),(145,33,1,'2025-05-27 17:38:27','¡Participa en el sorteo del GP de Motociclismo | Feria Valencia!','enviado'),(146,34,1,'2025-05-27 17:38:28','¡Participa en el sorteo del GP de Motociclismo | Feria Valencia!','enviado'),(147,4,1,'2025-05-27 17:48:10','¡Participa en el sorteo del GP de Motociclismo | Feria Valencia!','enviado'),(148,5,1,'2025-05-27 17:48:11','¡Participa en el sorteo del GP de Motociclismo | Feria Valencia!','enviado'),(149,6,1,'2025-05-27 17:48:12','¡Participa en el sorteo del GP de Motociclismo | Feria Valencia!','enviado'),(150,16,1,'2025-05-27 17:48:13','¡Participa en el sorteo del GP de Motociclismo | Feria Valencia!','enviado'),(151,33,1,'2025-05-27 17:48:14','¡Participa en el sorteo del GP de Motociclismo | Feria Valencia!','enviado'),(152,34,1,'2025-05-27 17:48:15','¡Participa en el sorteo del GP de Motociclismo | Feria Valencia!','enviado'),(153,4,1,'2025-05-27 17:55:55','¡Participa en el sorteo del GP de Motociclismo | Feria Valencia!','enviado'),(154,5,1,'2025-05-27 17:55:56','¡Participa en el sorteo del GP de Motociclismo | Feria Valencia!','enviado'),(155,6,1,'2025-05-27 17:55:57','¡Participa en el sorteo del GP de Motociclismo | Feria Valencia!','enviado'),(156,16,1,'2025-05-27 17:55:58','¡Participa en el sorteo del GP de Motociclismo | Feria Valencia!','enviado'),(157,33,1,'2025-05-27 17:55:59','¡Participa en el sorteo del GP de Motociclismo | Feria Valencia!','enviado'),(158,34,1,'2025-05-27 17:56:00','¡Participa en el sorteo del GP de Motociclismo | Feria Valencia!','enviado'),(159,4,1,'2025-05-27 18:13:17','¡Participa en el sorteo del GP de Motociclismo | Feria Valencia!','enviado'),(160,5,1,'2025-05-27 18:13:18','¡Participa en el sorteo del GP de Motociclismo | Feria Valencia!','enviado'),(161,6,1,'2025-05-27 18:13:19','¡Participa en el sorteo del GP de Motociclismo | Feria Valencia!','enviado'),(162,16,1,'2025-05-27 18:13:20','¡Participa en el sorteo del GP de Motociclismo | Feria Valencia!','enviado'),(163,33,1,'2025-05-27 18:13:21','¡Participa en el sorteo del GP de Motociclismo | Feria Valencia!','enviado'),(164,34,1,'2025-05-27 18:13:23','¡Participa en el sorteo del GP de Motociclismo | Feria Valencia!','enviado'),(165,4,1,'2025-05-27 18:19:33','¡Participa en el sorteo del GP de Motociclismo | Feria Valencia!','enviado'),(166,5,1,'2025-05-27 18:19:34','¡Participa en el sorteo del GP de Motociclismo | Feria Valencia!','enviado'),(167,6,1,'2025-05-27 18:19:35','¡Participa en el sorteo del GP de Motociclismo | Feria Valencia!','enviado'),(168,16,1,'2025-05-27 18:19:36','¡Participa en el sorteo del GP de Motociclismo | Feria Valencia!','enviado'),(169,33,1,'2025-05-27 18:19:37','¡Participa en el sorteo del GP de Motociclismo | Feria Valencia!','enviado'),(170,34,1,'2025-05-27 18:19:38','¡Participa en el sorteo del GP de Motociclismo | Feria Valencia!','enviado'),(171,4,1,'2025-05-28 15:27:27','¡Participa en el sorteo del GP de Motociclismo | Feria Valencia!','enviado'),(172,5,1,'2025-05-28 15:27:28','¡Participa en el sorteo del GP de Motociclismo | Feria Valencia!','enviado'),(173,6,1,'2025-05-28 15:27:29','¡Participa en el sorteo del GP de Motociclismo | Feria Valencia!','enviado'),(174,16,1,'2025-05-28 15:27:30','¡Participa en el sorteo del GP de Motociclismo | Feria Valencia!','enviado'),(175,33,1,'2025-05-28 15:27:31','¡Participa en el sorteo del GP de Motociclismo | Feria Valencia!','enviado'),(176,34,1,'2025-05-28 15:27:32','¡Participa en el sorteo del GP de Motociclismo | Feria Valencia!','enviado'),(177,80,1,'2025-05-28 15:27:33','¡Participa en el sorteo del GP de Motociclismo | Feria Valencia!','enviado'),(178,4,1,'2025-05-29 14:21:55','¡Participa en el sorteo del GP de Motociclismo | Feria Valencia!','enviado'),(179,5,1,'2025-05-29 14:21:57','¡Participa en el sorteo del GP de Motociclismo | Feria Valencia!','enviado'),(180,6,1,'2025-05-29 14:21:58','¡Participa en el sorteo del GP de Motociclismo | Feria Valencia!','enviado'),(181,16,1,'2025-05-29 14:21:59','¡Participa en el sorteo del GP de Motociclismo | Feria Valencia!','enviado'),(182,33,1,'2025-05-29 14:22:00','¡Participa en el sorteo del GP de Motociclismo | Feria Valencia!','enviado'),(183,34,1,'2025-05-29 14:22:01','¡Participa en el sorteo del GP de Motociclismo | Feria Valencia!','enviado'),(184,80,1,'2025-05-29 14:22:02','¡Participa en el sorteo del GP de Motociclismo | Feria Valencia!','enviado'),(185,4,1,'2025-05-29 16:19:59','¡Participa en el sorteo del GP de Motociclismo | Feria Valencia!','enviado'),(186,5,1,'2025-05-29 16:20:00','¡Participa en el sorteo del GP de Motociclismo | Feria Valencia!','enviado'),(187,6,1,'2025-05-29 16:20:01','¡Participa en el sorteo del GP de Motociclismo | Feria Valencia!','enviado'),(188,16,1,'2025-05-29 16:20:02','¡Participa en el sorteo del GP de Motociclismo | Feria Valencia!','enviado'),(189,33,1,'2025-05-29 16:20:03','¡Participa en el sorteo del GP de Motociclismo | Feria Valencia!','enviado'),(190,34,1,'2025-05-29 16:20:04','¡Participa en el sorteo del GP de Motociclismo | Feria Valencia!','enviado'),(191,80,1,'2025-05-29 16:20:05','¡Participa en el sorteo del GP de Motociclismo | Feria Valencia!','enviado'),(192,4,1,'2025-06-04 12:59:53','¡Participa en el sorteo del GP de Motociclismo | Feria Valencia!','enviado'),(193,5,1,'2025-06-04 12:59:55','¡Participa en el sorteo del GP de Motociclismo | Feria Valencia!','enviado'),(194,6,1,'2025-06-04 12:59:56','¡Participa en el sorteo del GP de Motociclismo | Feria Valencia!','enviado'),(195,16,1,'2025-06-04 12:59:56','¡Participa en el sorteo del GP de Motociclismo | Feria Valencia!','enviado'),(196,33,1,'2025-06-04 12:59:57','¡Participa en el sorteo del GP de Motociclismo | Feria Valencia!','enviado'),(197,34,1,'2025-06-04 12:59:58','¡Participa en el sorteo del GP de Motociclismo | Feria Valencia!','enviado'),(198,80,1,'2025-06-04 12:59:59','¡Participa en el sorteo del GP de Motociclismo | Feria Valencia!','enviado'),(199,4,1,'2025-06-04 13:01:37','¡Participa en el sorteo del GP de Motociclismo | Feria Valencia!','enviado'),(200,5,1,'2025-06-04 13:01:40','¡Participa en el sorteo del GP de Motociclismo | Feria Valencia!','enviado'),(201,6,1,'2025-06-04 13:01:42','¡Participa en el sorteo del GP de Motociclismo | Feria Valencia!','enviado'),(202,16,1,'2025-06-04 13:01:45','¡Participa en el sorteo del GP de Motociclismo | Feria Valencia!','enviado'),(203,33,1,'2025-06-04 13:01:48','¡Participa en el sorteo del GP de Motociclismo | Feria Valencia!','enviado'),(204,34,1,'2025-06-04 13:01:50','¡Participa en el sorteo del GP de Motociclismo | Feria Valencia!','enviado'),(205,80,1,'2025-06-04 13:01:52','¡Participa en el sorteo del GP de Motociclismo | Feria Valencia!','enviado'),(206,4,1,'2025-06-04 13:17:46','¡Participa en el sorteo del GP de Motociclismo | Feria Valencia!','fallido'),(207,5,1,'2025-06-04 13:17:53','¡Participa en el sorteo del GP de Motociclismo | Feria Valencia!','fallido'),(208,6,1,'2025-06-04 13:17:59','¡Participa en el sorteo del GP de Motociclismo | Feria Valencia!','fallido'),(209,4,1,'2025-06-04 13:29:17','¡Participa en el sorteo del GP de Motociclismo | Feria Valencia!','fallido'),(210,5,1,'2025-06-04 13:29:23','¡Participa en el sorteo del GP de Motociclismo | Feria Valencia!','fallido'),(211,4,1,'2025-06-04 13:35:31','¡Participa en el sorteo del GP de Motociclismo | Feria Valencia!','fallido'),(212,5,1,'2025-06-04 13:35:38','¡Participa en el sorteo del GP de Motociclismo | Feria Valencia!','fallido'),(213,4,1,'2025-06-04 13:42:08','¡Participa en el sorteo del GP de Motociclismo | Feria Valencia!','enviado'),(214,5,1,'2025-06-04 13:42:09','¡Participa en el sorteo del GP de Motociclismo | Feria Valencia!','enviado'),(215,6,1,'2025-06-04 13:42:10','¡Participa en el sorteo del GP de Motociclismo | Feria Valencia!','enviado'),(216,16,1,'2025-06-04 13:42:11','¡Participa en el sorteo del GP de Motociclismo | Feria Valencia!','enviado'),(217,33,1,'2025-06-04 13:42:12','¡Participa en el sorteo del GP de Motociclismo | Feria Valencia!','enviado'),(218,34,1,'2025-06-04 13:42:13','¡Participa en el sorteo del GP de Motociclismo | Feria Valencia!','enviado'),(219,80,1,'2025-06-04 13:42:14','¡Participa en el sorteo del GP de Motociclismo | Feria Valencia!','enviado'),(220,4,1,'2025-06-04 13:43:30','¡Participa en el sorteo del GP de Motociclismo | Feria Valencia!','enviado'),(221,5,1,'2025-06-04 13:43:32','¡Participa en el sorteo del GP de Motociclismo | Feria Valencia!','enviado'),(222,6,1,'2025-06-04 13:43:35','¡Participa en el sorteo del GP de Motociclismo | Feria Valencia!','enviado'),(223,16,1,'2025-06-04 13:43:38','¡Participa en el sorteo del GP de Motociclismo | Feria Valencia!','enviado'),(224,33,1,'2025-06-04 13:43:43','¡Participa en el sorteo del GP de Motociclismo | Feria Valencia!','enviado'),(225,34,1,'2025-06-04 13:43:46','¡Participa en el sorteo del GP de Motociclismo | Feria Valencia!','enviado'),(226,80,1,'2025-06-04 13:43:48','¡Participa en el sorteo del GP de Motociclismo | Feria Valencia!','enviado');
/*!40000 ALTER TABLE `historial_envios` ENABLE KEYS */;
UNLOCK TABLES;

--
-- Table structure for table `newsletters`
--

DROP TABLE IF EXISTS `newsletters`;
/*!40101 SET @saved_cs_client     = @@character_set_client */;
/*!50503 SET character_set_client = utf8mb4 */;
CREATE TABLE `newsletters` (
  `id` int NOT NULL AUTO_INCREMENT,
  `titulo` varchar(150) DEFAULT NULL,
  `contenido` text,
  `fecha_creacion` datetime DEFAULT CURRENT_TIMESTAMP,
  PRIMARY KEY (`id`)
) ENGINE=InnoDB AUTO_INCREMENT=3 DEFAULT CHARSET=utf8mb4 COLLATE=utf8mb4_0900_ai_ci;
/*!40101 SET character_set_client = @saved_cs_client */;

--
-- Dumping data for table `newsletters`
--

LOCK TABLES `newsletters` WRITE;
/*!40000 ALTER TABLE `newsletters` DISABLE KEYS */;
INSERT INTO `newsletters` VALUES (1,'Bienvenida a Feria Valencia 2025','Contenido de prueba del newsletter #1.','2025-05-23 14:37:35'),(2,'Actividades destacadas del evento','Resumen de actividades, charlas y ponentes.','2025-05-23 14:37:35');
/*!40000 ALTER TABLE `newsletters` ENABLE KEYS */;
UNLOCK TABLES;

--
-- Table structure for table `suscriptores`
--

DROP TABLE IF EXISTS `suscriptores`;
/*!40101 SET @saved_cs_client     = @@character_set_client */;
/*!50503 SET character_set_client = utf8mb4 */;
CREATE TABLE `suscriptores` (
  `id` int NOT NULL AUTO_INCREMENT,
  `nombre` varchar(100) DEFAULT NULL,
  `email` varchar(150) DEFAULT NULL,
  `empresa` varchar(100) DEFAULT NULL,
  `idioma` varchar(20) DEFAULT NULL,
  `fecha_registro` datetime DEFAULT CURRENT_TIMESTAMP,
  `email_provider` varchar(20) DEFAULT 'gmail',
  PRIMARY KEY (`id`),
  UNIQUE KEY `email` (`email`)
) ENGINE=InnoDB AUTO_INCREMENT=117 DEFAULT CHARSET=utf8mb4 COLLATE=utf8mb4_0900_ai_ci;
/*!40101 SET character_set_client = @saved_cs_client */;

--
-- Dumping data for table `suscriptores`
--

LOCK TABLES `suscriptores` WRITE;
/*!40000 ALTER TABLE `suscriptores` DISABLE KEYS */;
INSERT INTO `suscriptores` VALUES (4,'Samuel Ortiz','samorther@alu.edu.gva.es','Empresa A','es','2025-05-26 16:10:37','gmail'),(5,'Lorenzo','lorenzoog@gmail.com','Empresa B','es','2025-05-26 16:10:37','gmail'),(6,'Jennifer','jennymhd3011@gmail.com','Empresa C','es','2025-05-26 16:10:37','gmail'),(16,'Lucas Zapatero','lucaszapatero3@gmail.com','EmpresaX','es','2025-05-27 00:00:00','gmail'),(33,'Samuel','samuelortizheredia@gmail.com','EmpresaX','es','2025-05-27 16:15:01','gmail'),(34,'Veronica','veronicacortestarin@gmail.com','EmpresaY','es','2025-05-27 16:15:01','gmail'),(80,'Juan','jmhernandez@asanantonio1.org','EmpresaX','es','2025-05-28 15:27:26','gmail');
/*!40000 ALTER TABLE `suscriptores` ENABLE KEYS */;
UNLOCK TABLES;
/*!40103 SET TIME_ZONE=@OLD_TIME_ZONE */;

/*!40101 SET SQL_MODE=@OLD_SQL_MODE */;
/*!40014 SET FOREIGN_KEY_CHECKS=@OLD_FOREIGN_KEY_CHECKS */;
/*!40014 SET UNIQUE_CHECKS=@OLD_UNIQUE_CHECKS */;
/*!40101 SET CHARACTER_SET_CLIENT=@OLD_CHARACTER_SET_CLIENT */;
/*!40101 SET CHARACTER_SET_RESULTS=@OLD_CHARACTER_SET_RESULTS */;
/*!40101 SET COLLATION_CONNECTION=@OLD_COLLATION_CONNECTION */;
/*!40111 SET SQL_NOTES=@OLD_SQL_NOTES */;

-- Dump completed on 2025-06-04 17:00:07
